Metric,AnomalyOV,R50_nodown
mass_frac,0.43505587661063966,0.6342199891805649
pr_auc,0.4579286886447486,0.60531599309801
roc_auc,0.5189835120430468,0.710800204303873
