Metric,AnomalyOV,AnomalyOV,AnomalyOV,R50_nodown,R50_nodown,R50_nodown
,deepfool,fgsm,pgd,deepfool,fgsm,pgd
mass_frac,0.4350558768405958,0.4350558768405958,0.4350558768405958,0.6342199891805649,0.6342199891805649,0.6342199891805649
pr_auc,0.4579093875353574,0.4579093875353574,0.4579093875353574,0.60531599309801,0.60531599309801,0.60531599309801
roc_auc,0.5189751165337019,0.5189751165337019,0.5189751165337019,0.710800204303873,0.710800204303873,0.710800204303873
