Metric,AnomalyOV,AnomalyOV,AnomalyOV,R50_nodown,R50_nodown,R50_nodown,WaveRep,WaveRep,WaveRep
,deepfool,fgsm,pgd,deepfool,fgsm,pgd,deepfool,fgsm,pgd
iou_topk,0.01056107981587674,0.011054547060799816,0.0115206455904538,0.01972900532957589,0.02535996662636254,0.02541441401409143,0.12361779910012195,0.10716915054658921,0.140044752669374
mass_frac,0.3895033117236138,0.39034769866092295,0.39071114242327315,0.3890894319982875,0.39055156459112844,0.39349341305310415,0.4542092589078983,0.4310088689480366,0.4622190991653597
pr_auc,0.41531776489334066,0.4142747032672833,0.4168629968232604,0.4760284721628958,0.559197976342826,0.5846738501466469,0.5635403764866318,0.5259375184042673,0.578627007397745
roc_auc,0.5197639840343117,0.5169865972601206,0.5191059828699253,0.5406826314944436,0.6553013100661229,0.7128256300568224,0.6418869175725124,0.5985278549393721,0.6572176484063457
