Metric,AnomalyOV,AnomalyOV,AnomalyOV,R50_nodown,R50_nodown,R50_nodown
,deepfool,fgsm,pgd,deepfool,fgsm,pgd
mass_frac,0.42594959402893795,0.42605485808518195,0.42566949285474825,0.5033564445689137,0.5026242548819655,0.5096378596384584
pr_auc,0.4386796569342907,0.4388243137672724,0.438983200533018,0.511421349861244,0.5130357048671712,0.5234805471804015
roc_auc,0.514430483375258,0.5144619895089462,0.5141241344080208,0.6147774556415454,0.6147524417070681,0.6219210118661616
