Metric,AnomalyOV,AnomalyOV,AnomalyOV,R50_nodown,R50_nodown,R50_nodown
,deepfool,fgsm,pgd,deepfool,fgsm,pgd
mass_frac,0.42098824808627,0.419111160584438,0.4195319227874279,0.432113395842873,0.43404446002095937,0.4320253847557821
pr_auc,0.43437138355960997,0.42315666531862417,0.42520785334266475,0.5412942964675307,0.5488208715597063,0.5524325348320932
roc_auc,0.5015053221247974,0.4828112121205458,0.4856064290903612,0.5867418371188596,0.5900060948548107,0.585427031066075
