Metric,Image_Type,AnomalyOV,R50_nodown
mass_frac,diffcat,0.5325258909552185,0.7316983923499967
mass_frac,samecat,0.3375858622660607,0.5367415860111331
pr_auc,diffcat,0.5533500344807196,0.704519773952205
pr_auc,samecat,0.3625073428087777,0.506112212243815
roc_auc,diffcat,0.532163129939879,0.7133016955142268
roc_auc,samecat,0.5058038941462146,0.7082987130935191
