Metric,Image_Type,AnomalyOV,R50_nodown
mass_frac,diffcat,0.5325258920590082,0.7316983923499967
mass_frac,samecat,0.3375858616221834,0.5367415860111331
pr_auc,diffcat,0.553350014557712,0.7045197739522049
pr_auc,samecat,0.3624687605130028,0.506112212243815
roc_auc,diffcat,0.5321632201827246,0.7133016955142268
roc_auc,samecat,0.5057870128846794,0.7082987130935191
