Metric,Image_Type,AnomalyOV,R50_nodown,WaveRep
iou_topk,diffcat,0.011057542099535293,0.02057336205486442,0.1101453524969034
iou_topk,samecat,0.011033306211884942,0.026428895258488818,0.1370757823804867
mass_frac,diffcat,0.4807897118233642,0.48183442234229734,0.5391651945246034
mass_frac,samecat,0.29958505671517566,0.3002551840860493,0.3591262901562597
pr_auc,diffcat,0.503906020528741,0.6304102459554967,0.6290725037591168
pr_auc,samecat,0.32695801438174826,0.4494145803739613,0.4829096455995831
roc_auc,diffcat,0.5176308279766145,0.6391039092600553,0.6222373910724491
roc_auc,samecat,0.5196080689984358,0.6334323988389721,0.6428632774594563
