Metric,Image_Type,AnomalyOV,R50_nodown
mass_frac,diffcat,0.5248734908094131,0.6088073489464019
mass_frac,samecat,0.32690913916983233,0.40204199124510887
pr_auc,diffcat,0.5366855055985755,0.6160455143925816
pr_auc,samecat,0.3409726085578118,0.41633679556113734
roc_auc,diffcat,0.5155755602254258,0.616104348266096
roc_auc,samecat,0.5131021779693908,0.6182018212785649
