Metric,Image_Type,AnomalyOV,R50_nodown
mass_frac,diffcat,0.5198821381899555,0.5324122835535648
mass_frac,samecat,0.319872082782135,0.3330323282660039
pr_auc,diffcat,0.5309865519060261,0.6480505312235776
pr_auc,samecat,0.32417071624123983,0.4469704858015962
roc_auc,diffcat,0.4973807656829191,0.5974148665953803
roc_auc,samecat,0.4825678765408838,0.5773468351514343
